{"L:RFQPAH": 178.57666015625, "L:V2QSET": -26.5, "L:V5QSET": -32.40999984741211}